first_name,last_name,email,gender,work_phone,book_preference_hardcopy
Tiebold,Steers,tsteers0@a8.net,Male,258-553-5054,true
Pippo,Mougeot,pmougeot1@apache.org,Male,108-209-3414,true
Ree,Cornish,rcornish2@jugem.jp,Female,968-480-8790,true
Shina,Freund,sfreund3@sbwire.com,Female,860-203-9233,true
Darby,Winley,dwinley4@businesswire.com,Male,540-609-8343,false
Nero,Vigours,nvigours5@digg.com,Male,431-510-3535,true
Emmet,Valencia,evalencia6@angelfire.com,Male,597-265-3781,true
Koenraad,Dugdale,kdugdale7@ezinearticles.com,Male,527-450-6922,true
Susy,Widdison,swiddison8@mac.com,Female,377-378-2222,false
Kenneth,Frankish,kfrankish9@google.pl,Male,958-128-3229,true
Naoma,Truin,ntruina@smugmug.com,Female,139-391-1262,true
Luise,Light,llightb@dropbox.com,Female,734-359-5678,false
Elijah,Helgass,ehelgassc@harvard.edu,Male,188-597-8889,false
Gian,Jaskowicz,gjaskowiczd@alexa.com,Male,619-569-1299,true
Philip,Butterly,pbutterlye@linkedin.com,Male,778-290-1779,false
Friederike,Izakov,fizakovf@feedburner.com,Female,955-152-5915,true
Millisent,McCaster,mmccasterg@scribd.com,Female,558-379-0831,true
Roobbie,Thomas,rthomash@goodreads.com,Female,202-681-8578,true
Jed,Overil,joverili@ca.gov,Male,841-689-5890,true
Montague,Dunkley,mdunkleyj@sohu.com,Male,282-835-0551,true
Blaine,Pesterfield,bpesterfieldk@google.cn,Male,378-191-9989,false
Karine,Renzini,krenzinil@woothemes.com,Female,193-819-0205,true
Ruddie,Drivers,rdriversm@state.gov,Male,217-473-8624,true
Lucien,Slidders,lsliddersn@apache.org,Male,964-906-2031,true
Norry,Sprake,nsprakeo@eepurl.com,Male,504-241-7899,false
Fionnula,Bagnell,fbagnellp@stumbleupon.com,Female,328-322-1930,false
Beauregard,Reubens,breubensq@nifty.com,Male,150-753-5280,true
Arline,Meneghi,ameneghir@ftc.gov,Female,904-762-2384,true
Kayla,Cline,kclines@usda.gov,Female,880-387-9343,true
Averill,Eveque,aevequet@mashable.com,Male,606-174-4235,false
Mollie,Maccrie,mmaccrieu@shinystat.com,Female,372-728-9321,true
Mead,Kyneton,mkynetonv@usa.gov,Male,283-288-6047,false
Ally,Filipovic,afilipovicw@artisteer.com,Female,738-603-5526,false
Marcelline,Janicek,mjanicekx@paypal.com,Female,152-136-5165,true
Ki,Kavanagh,kkavanaghy@alibaba.com,Female,513-976-5155,true
Rivy,Shorland,rshorlandz@springer.com,Female,631-573-1001,false
Carita,Issacof,cissacof10@vkontakte.ru,Female,200-447-7441,true
Weber,Trevithick,wtrevithick11@jigsy.com,Male,785-958-5148,false
Edd,McDermott-Row,emcdermottrow12@google.de,Male,379-688-1885,true
Abel,Beeching,abeeching13@europa.eu,Male,413-526-4804,true
Giustino,Fleming,gfleming14@creativecommons.org,Male,663-419-1558,true
Cointon,Brownell,cbrownell15@google.nl,Male,455-396-7774,false
Salvidor,Knutsen,sknutsen16@cam.ac.uk,Male,555-284-1328,true
Jehanna,Simonsson,jsimonsson17@apple.com,Female,219-951-9800,true
Kassi,Sudddard,ksudddard18@prnewswire.com,Female,852-722-1742,true
Madonna,Hedaux,mhedaux19@epa.gov,Female,928-614-2661,true
Venus,Gullberg,vgullberg1a@opera.com,Female,493-431-6188,true
Thomasin,Melmoth,tmelmoth1b@google.com.au,Female,727-843-8729,false
Boothe,Vonderdell,bvonderdell1c@taobao.com,Male,122-164-1529,false
Monique,Calf,mcalf1d@bloglovin.com,Female,897-699-5514,true
Rori,Bridger,rbridger1e@paypal.com,Female,886-531-2106,true
Louise,Daubeny,ldaubeny1f@zimbio.com,Female,262-810-9698,true
Boony,Pote,bpote1g@ca.gov,Male,596-701-8256,true
Abigale,Boik,aboik1h@forbes.com,Female,300-315-7186,true
Ely,Spurrier,espurrier1i@tuttocitta.it,Male,167-391-0125,false
Catina,Rysdale,crysdale1j@guardian.co.uk,Female,502-299-4379,true
Hastings,Trump,htrump1k@elegantthemes.com,Male,178-259-3383,true
Luise,Crumpe,lcrumpe1l@ehow.com,Female,206-228-7092,true
Jacquelin,Larive,jlarive1m@java.com,Female,286-352-1452,true
Tedman,Endersby,tendersby1n@tamu.edu,Male,304-116-3032,true
Walden,Landreth,wlandreth1o@stanford.edu,Male,171-687-5086,true
Susy,Marham,smarham1p@timesonline.co.uk,Female,151-940-6987,false
Clio,Whartonby,cwhartonby1q@simplemachines.org,Female,420-801-4531,false
Franzen,Truelock,ftruelock1r@businesswire.com,Male,127-696-6552,false
Dyanna,Gaither,dgaither1s@liveinternet.ru,Female,303-237-3024,false
Horatius,Athy,hathy1t@indiegogo.com,Male,146-347-5104,true
Dudley,Vowell,dvowell1u@cargocollective.com,Male,889-836-4021,true
Sherman,Albin,salbin1v@geocities.com,Male,600-544-9686,true
Devin,Simoni,dsimoni1w@illinois.edu,Female,872-116-6845,true
Gilda,Plimmer,gplimmer1x@state.tx.us,Female,804-325-3389,true
Jehu,Hobbing,jhobbing1y@hostgator.com,Male,284-673-4171,true
Alexandre,Comerford,acomerford1z@webeden.co.uk,Male,205-272-2211,false
Meredeth,Cavil,mcavil20@xing.com,Male,130-925-4543,false
Anette,Mallon,amallon21@sourceforge.net,Female,746-190-4398,true
Franklyn,MacGuffog,fmacguffog22@theatlantic.com,Male,542-282-5432,false
Nehemiah,MacGillivrie,nmacgillivrie23@php.net,Male,185-928-7226,false
William,Fealey,wfealey24@wix.com,Male,428-714-4383,false
Regen,Fownes,rfownes25@examiner.com,Male,974-434-7627,false
Cate,Creswell,ccreswell26@zimbio.com,Female,937-314-6841,true
Odella,Fitzsimmons,ofitzsimmons27@wordpress.org,Female,123-198-1958,true
Jasun,Romain,jromain28@dell.com,Male,818-182-2097,false
Skell,Crosoer,scrosoer29@go.com,Male,418-704-6677,true
Isidore,Raft,iraft2a@columbia.edu,Male,951-425-5517,false
Peirce,Giraudeau,pgiraudeau2b@reddit.com,Male,245-798-4484,false
Julian,Mugleston,jmugleston2c@dedecms.com,Male,924-101-3744,false
Alonso,Hunnawill,ahunnawill2d@e-recht24.de,Male,760-342-0233,false
Halette,Joynt,hjoynt2e@a8.net,Female,365-448-2384,true
Celesta,McLeary,cmcleary2f@xinhuanet.com,Female,823-985-0388,true
Amy,Belhomme,abelhomme2g@tripod.com,Female,380-584-3065,true
Nedda,Sinclair,nsinclair2h@tumblr.com,Female,104-777-4655,true
Shelia,Beardsley,sbeardsley2i@mapquest.com,Female,202-182-2423,false
Remy,Ortes,rortes2j@ezinearticles.com,Female,335-447-3053,true
Sandie,Rekes,srekes2k@squarespace.com,Female,872-465-8586,true
Rodie,Roger,rroger2l@examiner.com,Female,638-566-7074,false
Tasia,Stigers,tstigers2m@dyndns.org,Female,238-490-9787,false
Raimondo,Furmage,rfurmage2n@acquirethisname.com,Male,519-348-9150,true
Charlena,Lethebridge,clethebridge2o@europa.eu,Female,478-385-8098,false
Joelie,Abazi,jabazi2p@google.es,Female,154-750-3760,false
Tabbatha,Fackney,tfackney2q@timesonline.co.uk,Female,552-635-0126,false
Abbey,Stollman,astollman2r@google.com.br,Male,865-618-2319,false
Sigismundo,Axe,saxe2s@clickbank.net,Male,465-696-5991,true
Harriet,Gebbe,hgebbe2t@oaic.gov.au,Female,232-537-7904,true
Mateo,Coxhead,mcoxhead2u@dell.com,Male,983-740-9871,false
Nikolaos,Lutz,nlutz2v@theatlantic.com,Male,208-517-1772,true
Malinda,Kielt,mkielt2w@marketwatch.com,Female,292-133-7999,false
Bordie,Junifer,bjunifer2x@jigsy.com,Male,685-426-8115,true
Garrick,Drowsfield,gdrowsfield2y@theguardian.com,Male,347-686-9506,true
Iago,Van Leeuwen,ivanleeuwen2z@google.it,Male,236-342-7317,false
Kacie,Kiddle,kkiddle30@4shared.com,Female,428-291-5863,false
Cass,Tremain,ctremain31@narod.ru,Male,620-489-8707,true
Matilde,Iacobassi,miacobassi32@java.com,Female,505-263-2146,true
Nadine,Conachy,nconachy33@tamu.edu,Female,319-235-8794,false
Abby,Shone,ashone34@nyu.edu,Female,975-857-3640,false
Mead,Carmel,mcarmel35@cloudflare.com,Male,395-579-7216,true
Merrie,Fewings,mfewings36@walmart.com,Female,271-494-1911,false
Hurleigh,Kohrsen,hkohrsen37@bbb.org,Male,790-266-4094,true
Moshe,Zanettini,mzanettini38@studiopress.com,Male,139-720-0615,false
Lanni,Hurring,lhurring39@marketwatch.com,Female,525-110-6944,false
Herc,Aldis,haldis3a@booking.com,Male,418-793-2274,true
Sheela,Mantrup,smantrup3b@cbc.ca,Female,797-200-1963,true
Hobie,Rainton,hrainton3c@hibu.com,Male,437-636-2747,true
Alon,Kivits,akivits3d@parallels.com,Male,411-134-3336,true
Roxie,Gilyatt,rgilyatt3e@mac.com,Female,507-708-8776,false
Perri,Shillito,pshillito3f@vinaora.com,Female,296-426-4665,false
Ephrayim,Esch,eesch3g@woothemes.com,Male,184-993-2412,false
Merle,Eschalotte,meschalotte3h@gov.uk,Male,451-357-6476,false
Brett,McIsaac,bmcisaac3i@google.es,Male,800-777-8882,true
Zebadiah,Feldbrin,zfeldbrin3j@merriam-webster.com,Male,717-642-4038,false
Caritta,Janek,cjanek3k@netvibes.com,Female,956-716-5298,false
Leticia,Doutch,ldoutch3l@ask.com,Female,764-586-1298,false
Neda,Petrasek,npetrasek3m@wikispaces.com,Female,796-200-8494,false
Eugenius,Goalley,egoalley3n@yellowbook.com,Male,193-138-1176,false
Pattie,Ridd,pridd3o@home.pl,Male,389-209-1991,false
Ellerey,Colerick,ecolerick3p@yahoo.co.jp,Male,549-949-2323,false
Kendall,Galtone,kgaltone3q@psu.edu,Male,348-520-5148,false
Gabie,Leman,gleman3r@mtv.com,Female,910-381-2092,false
Hagan,Pllu,hpllu3s@goodreads.com,Male,587-365-8680,false
Rob,Hewertson,rhewertson3t@so-net.ne.jp,Male,866-407-3514,false
Douglass,Joire,djoire3u@nhs.uk,Male,341-556-5979,true
Devin,McPhelim,dmcphelim3v@usgs.gov,Male,412-728-4169,true
Hermon,Woolcocks,hwoolcocks3w@utexas.edu,Male,913-866-7850,false
Jaymie,Vicioso,jvicioso3x@vk.com,Male,115-573-5743,false
Harvey,Kinzel,hkinzel3y@csmonitor.com,Male,978-637-1377,false
Noellyn,Westraw,nwestraw3z@indiatimes.com,Female,382-192-2947,true
Sidney,Brace,sbrace40@desdev.cn,Male,264-643-2684,true
Mill,Rubanenko,mrubanenko41@apache.org,Male,515-212-0294,true
Dorey,Gummary,dgummary42@usgs.gov,Male,681-405-1381,true
Pearce,Hellin,phellin43@hao123.com,Male,430-220-0800,false
Alexandro,Stubbings,astubbings44@google.de,Male,303-886-1089,false
Benedicta,Blum,bblum45@who.int,Female,678-739-9185,false
Pammy,Nel,pnel46@narod.ru,Female,814-857-0002,false
Cayla,Cicero,ccicero47@dedecms.com,Female,626-338-1035,true
Cathryn,Bolver,cbolver48@domainmarket.com,Female,821-414-5875,false
Mikaela,Ekins,mekins49@blogspot.com,Female,652-104-4508,true
Benita,Coye,bcoye4a@thetimes.co.uk,Female,130-676-1677,true
Kipper,Bleby,kbleby4b@hc360.com,Male,959-325-2447,false
Michaelina,Nary,mnary4c@yelp.com,Female,283-378-1564,true
Nolan,Edmunds,nedmunds4d@360.cn,Male,931-509-6070,false
Anette,Polding,apolding4e@tinypic.com,Female,789-519-2896,true
Georgia,Melato,gmelato4f@state.gov,Female,799-981-6022,false
Hedy,Emmet,hemmet4g@sohu.com,Female,786-667-9602,false
Bobbette,Redshaw,bredshaw4h@reddit.com,Female,680-361-9808,false
Sherlocke,Lavall,slavall4i@amazon.com,Male,916-339-9123,false
Alvie,Reinhard,areinhard4j@admin.ch,Male,479-769-9285,true
Arabela,Smithin,asmithin4k@netlog.com,Female,626-612-4237,true
Zerk,Nolin,znolin4l@ucoz.com,Male,494-111-5556,true
Travis,Benallack,tbenallack4m@si.edu,Male,238-350-5461,true
Harlin,Percifull,hpercifull4n@mapquest.com,Male,562-647-0375,false
Orion,Taylder,otaylder4o@wikia.com,Male,845-591-0703,false
Rozalie,Tidbury,rtidbury4p@qq.com,Female,620-137-8070,false
Tasha,De Benedetti,tdebenedetti4q@washington.edu,Female,689-125-6223,true
Vaughan,Liversage,vliversage4r@cmu.edu,Male,342-397-6452,false
Querida,Corton,qcorton4s@acquirethisname.com,Female,545-937-6900,false
Bryant,Churches,bchurches4t@mediafire.com,Male,202-366-8241,false
Dory,Sutherns,dsutherns4u@netscape.com,Male,647-137-7642,false
Lucille,Skayman,lskayman4v@prnewswire.com,Female,582-248-7870,false
Reid,Childe,rchilde4w@pen.io,Male,175-242-6732,false
Morrie,Morillas,mmorillas4x@eventbrite.com,Male,129-541-6406,false
Lani,Dando,ldando4y@umn.edu,Female,506-763-6990,false
Tybalt,Matuszynski,tmatuszynski4z@opera.com,Male,985-697-6285,false
Hillie,Postlewhite,hpostlewhite50@guardian.co.uk,Male,879-501-4155,false
Demetris,Piller,dpiller51@cloudflare.com,Male,562-853-8745,false
Barby,Mewton,bmewton52@abc.net.au,Female,481-202-2804,true
Ibby,Gudgion,igudgion53@adobe.com,Female,736-323-5746,false
Evangelia,Dumbell,edumbell54@issuu.com,Female,561-849-6327,true
Dorothee,Hoble,dhoble55@hugedomains.com,Female,471-573-8758,true
Horace,Storror,hstorror56@hubpages.com,Male,604-771-6626,true
Brietta,Craggs,bcraggs57@adobe.com,Female,914-118-9944,false
Elliott,Elvy,eelvy58@wufoo.com,Male,164-436-6456,true
Randene,Dalton,rdalton59@google.de,Female,245-533-0426,true
Sampson,Skeleton,sskeleton5a@ycombinator.com,Male,386-949-1090,true
Erik,Shorland,eshorland5b@t.co,Male,185-966-6646,false
Judas,Griston,jgriston5c@statcounter.com,Male,908-629-3727,true
Barrie,Schoales,bschoales5d@imdb.com,Male,701-151-2735,true
Rockie,Spires,rspires5e@ameblo.jp,Male,756-207-2284,false
Herbert,Tallboy,htallboy5f@technorati.com,Male,794-388-1274,false
Siward,Geke,sgeke5g@time.com,Male,567-461-5273,false
Robena,Tantrum,rtantrum5h@theglobeandmail.com,Female,500-478-5062,false
Neils,Cardenosa,ncardenosa5i@globo.com,Male,697-468-3400,true
Raviv,Calverd,rcalverd5j@nytimes.com,Male,404-320-7225,true
Sapphire,Ghirigori,sghirigori5k@friendfeed.com,Female,737-713-7916,false
Newton,Quinsee,nquinsee5l@com.com,Male,679-863-5298,false
Lindsay,Folbige,lfolbige5m@nps.gov,Male,894-789-2975,true
Delainey,Witherop,dwitherop5n@adobe.com,Male,410-118-3962,false
Zed,Seide,zseide5o@booking.com,Male,734-724-3343,true
Ramsey,Delacote,rdelacote5p@etsy.com,Male,325-447-6050,true
Lacey,Choldcroft,lcholdcroft5q@microsoft.com,Female,155-948-9647,true
Waite,Kettlestringes,wkettlestringes5r@homestead.com,Male,347-953-9114,false
Hugo,Maberley,hmaberley5s@discuz.net,Male,308-743-9910,true
Gabrielle,July,gjuly5t@phpbb.com,Female,984-574-7999,true
Avictor,Lindsell,alindsell5u@zdnet.com,Male,478-365-2172,false
Horatio,Batram,hbatram5v@archive.org,Male,723-288-1421,false
Marcos,Steaning,msteaning5w@de.vu,Male,976-317-2283,false
Dunstan,Letixier,dletixier5x@imageshack.us,Male,424-228-2631,false
Shanda,Cuell,scuell5y@patch.com,Female,363-238-7273,false
El,Goodall,egoodall5z@theatlantic.com,Male,856-786-3647,true
Jimmy,Chichgar,jchichgar60@nydailynews.com,Male,420-713-6386,true
Ame,Lesly,alesly61@naver.com,Female,711-753-9093,true
Grata,Wanklyn,gwanklyn62@ucoz.com,Female,949-503-3806,false
Genevieve,Carvil,gcarvil63@ow.ly,Female,128-857-1228,true
Vernice,Lamerton,vlamerton64@aboutads.info,Female,631-578-8309,true
Nadine,Dilgarno,ndilgarno65@gmpg.org,Female,734-178-8546,true
Waneta,Stodhart,wstodhart66@tiny.cc,Female,764-814-5071,true
Joellen,Verrechia,jverrechia67@theatlantic.com,Female,383-740-6986,true
Ignace,Garlicke,igarlicke68@squidoo.com,Male,274-138-4232,false
Nobie,Troop,ntroop69@webmd.com,Male,171-193-8840,false
Auroora,Pogg,apogg6a@independent.co.uk,Female,785-307-7575,false
Nelli,Fannin,nfannin6b@squarespace.com,Female,222-528-6920,false
Huntlee,Clopton,hclopton6c@craigslist.org,Male,215-531-0766,true
Valencia,Campbell-Dunlop,vcampbelldunlop6d@mozilla.com,Female,466-463-6618,false
Kathe,Lorente,klorente6e@myspace.com,Female,464-190-3253,false
Rodi,Nekrews,rnekrews6f@dmoz.org,Female,113-366-4799,false
Brandtr,Janouch,bjanouch6g@cargocollective.com,Male,845-868-6031,true
Meridel,Looker,mlooker6h@woothemes.com,Female,770-462-8068,false
Janaya,Nise,jnise6i@umich.edu,Female,592-499-2791,true
Christie,Nasey,cnasey6j@kickstarter.com,Male,134-946-2855,false
Alvis,Brigham,abrigham6k@narod.ru,Male,458-159-3057,false
Caresa,Cockaday,ccockaday6l@squidoo.com,Female,489-373-3422,true
Pavla,Papes,ppapes6m@cornell.edu,Female,237-526-3418,true
Jared,Fridlington,jfridlington6n@vkontakte.ru,Male,899-309-4213,true
Hadrian,Bourdon,hbourdon6o@ning.com,Male,601-250-3948,false
Hugo,Heys,hheys6p@state.gov,Male,249-951-1524,true
Janel,Sigge,jsigge6q@mit.edu,Female,915-746-8801,false
Shari,Jerg,sjerg6r@ow.ly,Female,735-997-2133,true
Fitz,Duesbury,fduesbury6s@imgur.com,Male,224-352-3373,true
Darrin,Sambiedge,dsambiedge6t@dagondesign.com,Male,468-529-3453,false
Olin,Sissot,osissot6u@stanford.edu,Male,495-807-2120,true
Fairlie,Grave,fgrave6v@de.vu,Male,226-822-7449,false
Nissy,Larkin,nlarkin6w@ocn.ne.jp,Female,955-867-3654,false
Jennifer,Gherardesci,jgherardesci6x@google.pl,Female,939-543-0204,true
Thomasa,Cashmore,tcashmore6y@nydailynews.com,Female,586-970-0424,false
Harriett,Lockner,hlockner6z@go.com,Female,870-719-7952,true
Shelba,Braganza,sbraganza70@mashable.com,Female,705-330-9433,false
Griffy,Wellesley,gwellesley71@statcounter.com,Male,970-650-2578,false
Seumas,O' Bee,sobee72@tinypic.com,Male,535-742-6332,false
Maren,Walbrook,mwalbrook73@ning.com,Female,354-578-7160,false
Doreen,Audry,daudry74@multiply.com,Female,535-996-6995,false
Lyman,Boam,lboam75@msn.com,Male,469-891-3137,true
Wheeler,Mulvenna,wmulvenna76@paginegialle.it,Male,314-684-8059,true
Arty,Prosek,aprosek77@studiopress.com,Male,821-577-8242,false
Hershel,Marflitt,hmarflitt78@canalblog.com,Male,828-580-5905,true
Ailene,Rosenbaum,arosenbaum79@smugmug.com,Female,904-681-8119,false
Radcliffe,Egre,regre7a@aol.com,Male,105-192-4744,false
Theressa,Kirrens,tkirrens7b@cocolog-nifty.com,Female,514-577-6409,true
Sergei,Manlow,smanlow7c@imdb.com,Male,324-194-4334,true
Jocelin,Colthard,jcolthard7d@jiathis.com,Female,578-637-0107,true
Sammie,McVeigh,smcveigh7e@sitemeter.com,Male,262-942-1129,true
Louisa,Beteriss,lbeteriss7f@intel.com,Female,217-959-1568,false
Jessy,Bridgett,jbridgett7g@a8.net,Female,879-821-9278,true
Jeffy,Ariss,jariss7h@live.com,Male,812-148-7993,false
Esmaria,Antill,eantill7i@unicef.org,Female,487-660-3579,false
Marion,Rosenbloom,mrosenbloom7j@tripod.com,Male,913-172-3715,true
Gwendolin,Gritten,ggritten7k@bbb.org,Female,369-202-5025,true
Ronny,Phetteplace,rphetteplace7l@php.net,Male,896-828-8543,false
Griffy,Ollett,gollett7m@theguardian.com,Male,434-437-6842,false
Nesta,Hanbury-Brown,nhanburybrown7n@house.gov,Female,769-802-4999,true
Michel,Gaughan,mgaughan7o@msu.edu,Female,486-681-1368,true
Washington,Lademann,wlademann7p@stumbleupon.com,Male,379-635-6427,true
Netty,Fearnyhough,nfearnyhough7q@sakura.ne.jp,Female,820-893-0706,true
Neils,Coult,ncoult7r@pbs.org,Male,377-922-7184,true
Jefferey,Trobey,jtrobey7s@google.co.uk,Male,971-983-6814,true
Nicole,Blight,nblight7t@cornell.edu,Female,900-815-3169,false
Christye,Sandell,csandell7u@youtu.be,Female,370-542-0381,true
Ivor,Chicchetto,ichicchetto7v@webmd.com,Male,912-633-6890,true
Lorin,Tatlock,ltatlock7w@hao123.com,Male,355-314-7697,true
Augustin,Kembry,akembry7x@goo.ne.jp,Male,595-916-3663,true
Chrystal,Dunphy,cdunphy7y@artisteer.com,Female,692-936-4014,true
Essa,Bettesworth,ebettesworth7z@sogou.com,Female,732-929-0744,false
Erina,Stansby,estansby80@feedburner.com,Female,475-579-7047,false
Madelon,Antognozzii,mantognozzii81@furl.net,Female,477-807-3954,false
Horton,Laybourne,hlaybourne82@foxnews.com,Male,627-194-6730,true
Bailey,Spillane,bspillane83@disqus.com,Male,809-301-0545,true
Una,Beamson,ubeamson84@ca.gov,Female,232-371-0231,true
Deina,Denisevich,ddenisevich85@g.co,Female,467-405-0431,true
Bernie,Quittonden,bquittonden86@free.fr,Male,602-207-8957,true
Olivier,Kubes,okubes87@loc.gov,Male,555-532-4123,true
Rutter,Gimert,rgimert88@google.nl,Male,796-811-7823,false
Gothart,Ashfull,gashfull89@techcrunch.com,Male,130-866-3977,false
Fleur,Mulles,fmulles8a@alexa.com,Female,311-823-9283,true
George,Cheke,gcheke8b@sbwire.com,Male,583-928-7236,false
Krista,Oakenford,koakenford8c@mtv.com,Female,159-797-6164,true
Lorettalorna,Fudger,lfudger8d@columbia.edu,Female,472-116-9382,true
Pedro,Mattam,pmattam8e@fda.gov,Male,964-694-2865,false
Cecily,Ca,cca8f@geocities.jp,Female,773-226-3453,true
Oliver,Martinez,omartinez8g@tuttocitta.it,Male,897-349-6002,true
Margette,Wemm,mwemm8h@arizona.edu,Female,232-675-3311,false
Judas,Dybell,jdybell8i@springer.com,Male,515-179-3275,true
Nehemiah,Westfield,nwestfield8j@usda.gov,Male,925-344-1210,false
Brion,Gehrtz,bgehrtz8k@mashable.com,Male,368-800-5061,true
Fanni,Perks,fperks8l@vistaprint.com,Female,752-222-5667,false
Oralia,Stapele,ostapele8m@yahoo.com,Female,330-600-6704,false
Alvie,MacAfee,amacafee8n@salon.com,Male,347-362-2575,false
Riordan,Climer,rclimer8o@wunderground.com,Male,280-321-7893,false
Thalia,Antrim,tantrim8p@examiner.com,Female,551-400-3443,false
Dene,Filon,dfilon8q@smh.com.au,Male,766-873-0956,true
Welsh,Netherclift,wnetherclift8r@gov.uk,Male,511-261-6316,true
Nicholas,Moyes,nmoyes8s@abc.net.au,Male,553-635-9360,true
Valery,Lambrechts,vlambrechts8t@abc.net.au,Female,790-242-4101,true
Anna-diane,Cargill,acargill8u@hao123.com,Female,128-412-7384,false
Bryn,Duxbarry,bduxbarry8v@cbslocal.com,Male,457-491-7969,false
Barbi,Fourmy,bfourmy8w@toplist.cz,Female,314-280-6597,true
Karney,Boscott,kboscott8x@usa.gov,Male,669-309-9782,true
Dori,Oldam,doldam8y@senate.gov,Female,928-750-2138,false
Juliana,Sykes,jsykes8z@dyndns.org,Female,239-684-0205,true
Arlin,Kliche,akliche90@feedburner.com,Male,749-385-9761,false
Giralda,Kirrage,gkirrage91@symantec.com,Female,402-261-0535,false
Nicolai,Le Noir,nlenoir92@intel.com,Male,854-913-5437,true
Pierre,Nise,pnise93@printfriendly.com,Male,225-564-8559,false
Joann,Ropp,jropp94@vinaora.com,Female,424-333-5744,true
Natalie,Fusco,nfusco95@wsj.com,Female,229-997-9536,true
Denys,Feaks,dfeaks96@globo.com,Male,882-794-6400,true
Opal,Blades,oblades97@blogger.com,Female,883-110-0172,false
Jade,Roelvink,jroelvink98@epa.gov,Female,455-103-7473,false
Josh,Burnep,jburnep99@house.gov,Male,939-358-7220,false
Ahmed,Chichgar,achichgar9a@pen.io,Male,387-495-3353,true
Maisey,Pickthall,mpickthall9b@sun.com,Female,267-148-2680,true
Maxine,Rainsdon,mrainsdon9c@xing.com,Female,323-270-9914,false
Viv,Flattman,vflattman9d@bluehost.com,Female,788-645-1375,false
Loren,Masdon,lmasdon9e@mac.com,Female,315-909-5756,false
Nealson,Cansdale,ncansdale9f@icq.com,Male,569-973-7973,true
Shay,Guiett,sguiett9g@sun.com,Male,896-719-7972,true
Clarance,Kinchin,ckinchin9h@washingtonpost.com,Male,906-590-7068,false
Ruy,Colebourn,rcolebourn9i@google.ru,Male,913-685-2006,true
Domenic,Povele,dpovele9j@last.fm,Male,249-407-1866,true
Willard,Gallaway,wgallaway9k@xing.com,Male,749-632-9929,true
Aluino,Goude,agoude9l@google.ru,Male,710-326-5365,false
Ardys,Burnyeat,aburnyeat9m@theguardian.com,Female,691-633-2927,false
Walden,Goodison,wgoodison9n@quantcast.com,Male,248-676-6360,true
Libby,Challenger,lchallenger9o@disqus.com,Female,337-976-9274,true
Brooks,Pipes,bpipes9p@china.com.cn,Male,341-269-5746,true
Keeley,Shottin,kshottin9q@accuweather.com,Female,364-300-3009,false
Christoffer,Ruslen,cruslen9r@diigo.com,Male,908-140-9949,false
Callie,Andreazzi,candreazzi9s@xing.com,Female,537-774-5937,false
Calvin,Pexton,cpexton9t@army.mil,Male,188-334-8847,true
Evelin,Craiker,ecraiker9u@i2i.jp,Male,495-682-9400,false
Kath,Harmon,kharmon9v@example.com,Female,434-204-3298,false
Antonino,de Werk,adewerk9w@state.gov,Male,691-698-9046,false
Paten,Geoghegan,pgeoghegan9x@51.la,Male,600-445-4942,true
Matthew,Mattiacci,mmattiacci9y@ft.com,Male,255-879-0997,false
Marcia,Yeomans,myeomans9z@themeforest.net,Female,493-906-2255,false
Sharl,Wittman,swittmana0@archive.org,Female,272-158-4780,false
Felipa,Tyre,ftyrea1@imdb.com,Female,966-431-0059,true
Antonella,Maroney,amaroneya2@gizmodo.com,Female,695-955-7779,false
Rubin,Jerdan,rjerdana3@imageshack.us,Male,840-516-1204,true
Antone,Galpen,agalpena4@shop-pro.jp,Male,105-569-0609,false
Evyn,Derell,ederella5@ow.ly,Male,835-937-2664,true
Nadya,Strutton,nstruttona6@whitehouse.gov,Female,662-358-4388,false
Sloan,Hartzenberg,shartzenberga7@cnn.com,Male,366-297-3592,false
Randie,Davidsohn,rdavidsohna8@goodreads.com,Male,360-699-4543,true
Britney,Paladini,bpaladinia9@t.co,Female,859-534-9153,false
Thelma,Pordal,tpordalaa@multiply.com,Female,587-300-1323,true
Crista,Bolles,cbollesab@usgs.gov,Female,545-687-1575,true
Rivi,Panter,rpanterac@youtu.be,Female,375-152-3197,false
Cammie,Bathowe,cbathowead@php.net,Female,849-987-1543,true
Ora,Doubleday,odoubledayae@dailymotion.com,Female,143-530-5341,true
Hilliary,Walters,hwaltersaf@slashdot.org,Female,265-702-1753,true
Jim,Romand,jromandag@wiley.com,Male,409-213-1913,true
Sharon,Snassell,ssnassellah@nhs.uk,Female,594-691-1576,false
Linea,Richford,lrichfordai@nsw.gov.au,Female,786-163-5643,false
Otto,Hargate,ohargateaj@cyberchimps.com,Male,897-154-4186,true
Enid,Kelemen,ekelemenak@shinystat.com,Female,773-573-8307,true
Coletta,Isac,cisacal@livejournal.com,Female,932-802-8171,false
Shara,Corking,scorkingam@google.co.jp,Female,120-764-3665,false
Ronnie,Lattie,rlattiean@redcross.org,Male,301-671-5570,true
Banky,Taffley,btaffleyao@independent.co.uk,Male,815-581-9370,true
Herrick,Lundy,hlundyap@apache.org,Male,536-103-5055,false
Vitoria,Sand,vsandaq@arizona.edu,Female,285-968-9811,false
Halsey,Levis,hlevisar@elegantthemes.com,Male,480-774-6163,false
Paige,Skae,pskaeas@dot.gov,Male,133-500-4698,true
Flss,Clowsley,fclowsleyat@reuters.com,Female,471-864-6215,false
Elsa,Venneur,evenneurau@wunderground.com,Female,280-428-6846,false
Shara,Prattington,sprattingtonav@scribd.com,Female,809-236-2932,false
Raye,Potebury,rpoteburyaw@networksolutions.com,Female,670-921-0128,false
Imogen,Reinisch,ireinischax@uol.com.br,Female,917-893-6899,false
Hamil,Jumonet,hjumonetay@biblegateway.com,Male,390-769-0953,true
Clemmy,De Vuyst,cdevuystaz@mapy.cz,Male,952-655-0044,false
Ive,Hanse,ihanseb0@who.int,Male,406-627-1464,true
Jarid,Zienkiewicz,jzienkiewiczb1@abc.net.au,Male,620-979-5649,true
Bekki,Lynas,blynasb2@state.gov,Female,547-837-5285,true
Morganne,Hambribe,mhambribeb3@flickr.com,Female,629-776-7399,true
Berna,Alesi,balesib4@nytimes.com,Female,308-773-6858,false
Raf,McShea,rmcsheab5@imgur.com,Female,560-711-6826,true
Leigh,Dingle,ldingleb6@slate.com,Female,992-383-6569,false
Auguste,Lumsdall,alumsdallb7@google.de,Female,364-883-9427,false
Debor,Aronovitz,daronovitzb8@alibaba.com,Female,440-498-7154,false
Clareta,Wallett,cwallettb9@cafepress.com,Female,384-340-4012,false
Izak,Stanlack,istanlackba@seesaa.net,Male,508-819-3042,false
Alfred,Frid,afridbb@hugedomains.com,Male,781-810-5191,false
Dotty,Morriarty,dmorriartybc@hao123.com,Female,217-672-5514,true
Henrieta,Linstead,hlinsteadbd@google.ru,Female,851-386-4372,true
Juditha,Fisbey,jfisbeybe@digg.com,Female,544-784-3498,false
Ranna,Nairy,rnairybf@github.com,Female,800-828-4785,true
Alleyn,Achrameev,aachrameevbg@google.com,Male,356-491-2440,true
Sari,Attock,sattockbh@wufoo.com,Female,541-226-9860,true
Opal,Langrick,olangrickbi@si.edu,Female,613-965-0958,true
Elvis,Bliven,eblivenbj@cam.ac.uk,Male,431-412-3992,false
Chelsy,De Atta,cdeattabk@economist.com,Female,451-555-2845,false
Rorke,Jamary,rjamarybl@umich.edu,Male,840-591-7412,true
Theodoric,Sirl,tsirlbm@paypal.com,Male,273-129-3947,true
Rufus,Ickowics,rickowicsbn@soundcloud.com,Male,904-751-0440,false
Nikolai,Brayson,nbraysonbo@list-manage.com,Male,582-118-6813,false
Georgie,Elcom,gelcombp@wiley.com,Female,469-890-2321,false
Cori,Heimes,cheimesbq@csmonitor.com,Male,937-388-7682,true
Nico,Bourdis,nbourdisbr@psu.edu,Male,760-265-9093,true
Lenora,Tyrer,ltyrerbs@bluehost.com,Female,959-888-5821,true
Louie,Whistlecraft,lwhistlecraftbt@indiegogo.com,Male,779-325-7056,false
Ferrell,Whetnall,fwhetnallbu@barnesandnoble.com,Male,871-648-1098,true
Tadeas,McDavitt,tmcdavittbv@jugem.jp,Male,314-274-3658,true
Courtnay,Dendon,cdendonbw@hatena.ne.jp,Female,130-973-4627,false
Clayson,Gorbell,cgorbellbx@mysql.com,Male,708-392-8183,true
Joleen,Artingstall,jartingstallby@newyorker.com,Female,740-937-7600,false
Rebbecca,Hagger,rhaggerbz@webs.com,Female,720-364-6768,true
Audra,Churches,achurchesc0@nps.gov,Female,237-961-3658,true
Tadio,Kopf,tkopfc1@ca.gov,Male,924-130-7972,false
Grissel,Bridgeland,gbridgelandc2@wp.com,Female,279-260-9002,false
Almire,Culbert,aculbertc3@com.com,Female,459-932-1705,false
Clemmie,Ronan,cronanc4@walmart.com,Male,966-635-5917,false
Arturo,Lightowler,alightowlerc5@printfriendly.com,Male,212-492-7259,false
Ame,Shaplin,ashaplinc6@g.co,Female,964-300-9940,false
Fabien,Sloegrave,fsloegravec7@pbs.org,Male,475-662-2038,true
Sidonia,Cheyney,scheyneyc8@hubpages.com,Female,647-463-7372,true
Vinson,Castiblanco,vcastiblancoc9@facebook.com,Male,181-534-1861,true
Cobbie,Athy,cathyca@ed.gov,Male,236-656-3479,true
Eliot,Yokley,eyokleycb@imgur.com,Male,352-892-1659,false
Jarad,Willett,jwillettcc@cpanel.net,Male,600-574-7728,false
Karissa,Dinsmore,kdinsmorecd@ning.com,Female,698-886-3517,true
Anastasia,Tale,atalece@loc.gov,Female,777-241-8702,true
Mahmoud,Jorry,mjorrycf@ftc.gov,Male,552-808-1661,false
Packston,Reaveley,preaveleycg@vk.com,Male,152-273-6293,false
Aida,Ivashnikov,aivashnikovch@oakley.com,Female,322-188-2668,true
Eldin,Drinnan,edrinnanci@domainmarket.com,Male,459-321-5003,false
Wake,Cattenach,wcattenachcj@howstuffworks.com,Male,788-835-6906,false
Joseph,Tourner,jtournerck@surveymonkey.com,Male,401-942-8362,true
Willard,Ritchman,writchmancl@geocities.com,Male,675-473-5506,false
Ardella,Hanbridge,ahanbridgecm@cargocollective.com,Female,762-625-1687,false
Leopold,Greenside,lgreensidecn@alexa.com,Male,832-975-9025,false
Lothaire,Weeke,lweekeco@ucoz.ru,Male,291-397-7066,false
Marika,McSwan,mmcswancp@skype.com,Female,838-551-5361,false
Brigham,Pennoni,bpennonicq@tmall.com,Male,179-561-5325,true
Linoel,Rich,lrichcr@comsenz.com,Male,184-447-9217,false
Ceciley,Harriss,charrisscs@state.tx.us,Female,319-645-7350,false
Zabrina,Stother,zstotherct@miibeian.gov.cn,Female,886-267-6076,false
Alejandrina,Netley,anetleycu@nps.gov,Female,790-461-5059,false
Madalyn,Castellani,mcastellanicv@cloudflare.com,Female,251-411-9313,false
Paquito,Appleton,pappletoncw@domainmarket.com,Male,318-622-3251,false
Lorine,Lindop,llindopcx@yandex.ru,Female,122-599-9383,false
Mikey,Cahalin,mcahalincy@yale.edu,Male,943-970-0456,false
Domenico,Whaymand,dwhaymandcz@google.com.br,Male,811-451-1928,true
Raeann,Mantrip,rmantripd0@mit.edu,Female,296-472-3926,true
Brit,Matous,bmatousd1@chronoengine.com,Male,417-267-4975,true
Christos,Iacobo,ciacobod2@mapquest.com,Male,203-544-7163,false
Corine,Henworth,chenworthd3@google.com.br,Female,599-837-7308,true
Ailee,Bruckent,abruckentd4@privacy.gov.au,Female,821-757-3151,false
Fernandina,Blazevic,fblazevicd5@google.co.jp,Female,867-917-3934,true
Annissa,Bessell,abesselld6@yellowpages.com,Female,718-423-1359,true
Maryanna,Ainsley,mainsleyd7@mtv.com,Female,759-948-6083,false
Eartha,Townshend,etownshendd8@linkedin.com,Female,833-122-2411,true
Harriot,Eckley,heckleyd9@ed.gov,Female,318-590-8992,true
Elliott,Keays,ekeaysda@tmall.com,Male,761-201-5936,true
Allys,Bradneck,abradneckdb@goodreads.com,Female,472-220-6223,true
Ailina,Detloff,adetloffdc@xing.com,Female,372-680-5515,false
Patten,Haime,phaimedd@studiopress.com,Male,183-558-6962,true
Jeanie,Mongan,jmongande@twitter.com,Female,218-575-0716,false
Barton,Arnao,barnaodf@edublogs.org,Male,468-262-4939,true
Oliy,Wooff,owooffdg@studiopress.com,Female,976-176-3899,true
Sarah,Barabisch,sbarabischdh@dropbox.com,Female,465-316-3035,false
Otto,Persitt,opersittdi@4shared.com,Male,757-470-8333,true
Papageno,Edscer,pedscerdj@themeforest.net,Male,532-640-4199,false
Dewey,Eaken,deakendk@java.com,Male,982-949-1177,true
Ly,Olivera,loliveradl@imdb.com,Male,122-169-7364,true
Anatola,Gridon,agridondm@fotki.com,Female,814-398-3744,true
Lavena,Haw,lhawdn@printfriendly.com,Female,983-117-9929,false
Alanson,McMurthy,amcmurthydo@odnoklassniki.ru,Male,549-288-1200,true
Blair,Simson,bsimsondp@github.com,Female,362-583-0584,true
Minerva,Freiberg,mfreibergdq@economist.com,Female,718-471-1771,false
Alana,Lathwood,alathwooddr@bloglovin.com,Female,278-285-5437,false
Paxon,Valenti,pvalentids@webmd.com,Male,788-539-4821,false
Odey,De Santos,odesantosdt@shinystat.com,Male,228-260-7640,true
Carrie,Moultrie,cmoultriedu@usatoday.com,Female,978-811-9945,true
Celle,Simonian,csimoniandv@archive.org,Female,978-560-5823,true
Annora,Gilford,agilforddw@w3.org,Female,560-680-5468,true
Page,Golightly,pgolightlydx@usgs.gov,Male,764-388-9510,false
Fons,Mordaunt,fmordauntdy@shutterfly.com,Male,307-368-2024,true
Rory,Eagger,reaggerdz@edublogs.org,Male,282-370-0998,false
Dionisio,Balbeck,dbalbecke0@photobucket.com,Male,714-611-5153,false
Saree,Blackborow,sblackborowe1@jimdo.com,Female,736-340-8658,true
Abner,Downes,adownese2@smugmug.com,Male,508-117-5635,true
Binny,Stalf,bstalfe3@eventbrite.com,Female,553-442-0585,true
Una,Crumly,ucrumlye4@sitemeter.com,Female,637-922-0970,true
Emerson,Faircloth,efairclothe5@microsoft.com,Male,406-608-6438,true
Francklyn,Durgan,fdurgane6@google.es,Male,925-429-6321,false
Aggie,Antcliffe,aantcliffee7@nps.gov,Female,302-764-1212,true
Westbrooke,Wilber,wwilbere8@google.com.br,Male,749-637-2788,true
Aguistin,Thornley,athornleye9@stumbleupon.com,Male,103-649-0469,true
Blondie,Logesdale,blogesdaleea@infoseek.co.jp,Female,110-505-7744,true
Russ,Nardoni,rnardonieb@com.com,Male,320-209-2769,false
Reggi,McColley,rmccolleyec@tinypic.com,Female,183-984-1783,true
Andre,Dzenisenka,adzenisenkaed@i2i.jp,Male,670-489-4114,true
Jeffrey,Avis,javisee@prlog.org,Male,419-900-6872,false
Stepha,Chapelle,schapelleef@goo.gl,Female,366-471-5195,false
Pascal,Le Cornu,plecornueg@craigslist.org,Male,893-817-3009,false
Arny,Glasman,aglasmaneh@slideshare.net,Male,105-854-2760,false
Chas,Jenckes,cjenckesei@rediff.com,Male,702-724-3439,false
Kamila,Shortell,kshortellej@state.gov,Female,359-716-7278,true
Manfred,Van den Velde,mvandenveldeek@networksolutions.com,Male,486-540-1484,false
Mathian,Botham,mbothamel@apple.com,Male,534-880-6404,false
Chelsie,Manuello,cmanuelloem@examiner.com,Female,888-266-5508,false
Urbain,Matieu,umatieuen@cargocollective.com,Male,398-366-5718,false
Orelia,Deverell,odeverelleo@kickstarter.com,Female,457-803-6753,false
Marthe,Debrick,mdebrickep@nasa.gov,Female,619-251-9381,false
Britt,Landman,blandmaneq@twitpic.com,Male,161-323-4983,true
Haily,Raspel,hraspeler@pcworld.com,Male,517-542-7539,false
Sheffy,Neave,sneavees@qq.com,Male,242-375-9388,true
Rey,Milward,rmilwardet@ucoz.com,Female,275-654-3931,true
Errick,Ivashchenko,eivashchenkoeu@prweb.com,Male,421-878-7083,true
Georgeanne,Gherardelli,ggherardelliev@uiuc.edu,Female,776-609-8850,false
Monroe,Perello,mperelloew@ow.ly,Male,220-662-8962,false
Karalee,Harford,kharfordex@hubpages.com,Female,444-216-1462,true
Lanette,Carson,lcarsoney@hc360.com,Female,209-956-6658,true
Benjy,Adamov,badamovez@wordpress.com,Male,868-414-4643,true
Fergus,Norrington,fnorringtonf0@cisco.com,Male,434-346-9127,true
Joete,Syer,jsyerf1@tripod.com,Female,830-748-5919,false
Lynnell,Malan,lmalanf2@smh.com.au,Female,790-997-3749,true
Yehudit,Sponer,ysponerf3@google.es,Male,370-754-4489,false
Cortney,Vondrach,cvondrachf4@sbwire.com,Female,538-102-2092,true
Gaylene,Shildrick,gshildrickf5@addtoany.com,Female,722-347-1755,false
Ulick,Trinkwon,utrinkwonf6@canalblog.com,Male,500-842-3024,true
Nickey,Kendall,nkendallf7@gnu.org,Male,415-772-0893,false
Oberon,Trent,otrentf8@canalblog.com,Male,549-407-9720,false
Stefa,Van Salzberger,svansalzbergerf9@opera.com,Female,346-301-4957,false
Benton,M'Chirrie,bmchirriefa@xing.com,Male,270-510-1259,false
Waiter,Martusov,wmartusovfb@ustream.tv,Male,219-260-3636,false
Sauncho,Lampen,slampenfc@google.nl,Male,107-507-1916,false
Sam,Aupol,saupolfd@twitpic.com,Female,218-890-2413,false
Kinna,Grigorkin,kgrigorkinfe@bloglines.com,Female,435-565-3864,true
Eward,Mashal,emashalff@wikipedia.org,Male,605-587-7778,true
Zacharie,Milesop,zmilesopfg@skyrock.com,Male,172-850-2298,true
Korella,Pledger,kpledgerfh@sitemeter.com,Female,200-877-3496,true
Corrie,Yoodall,cyoodallfi@e-recht24.de,Male,760-835-2429,false
Sidonia,Kaas,skaasfj@google.nl,Female,158-941-7104,true
Maddi,Coppock.,mcoppockfk@canalblog.com,Female,801-148-0936,true
Brion,Manclark,bmanclarkfl@merriam-webster.com,Male,530-765-6224,false
Harris,McGuane,hmcguanefm@123-reg.co.uk,Male,520-652-0877,false
Felipa,Carletto,fcarlettofn@sfgate.com,Female,564-228-1945,true
Olenolin,July,ojulyfo@google.co.uk,Male,220-296-5239,false
Dukey,Quarry,dquarryfp@constantcontact.com,Male,168-379-4158,false
Livvie,Thomasen,lthomasenfq@squarespace.com,Female,628-387-8306,false
Inger,Spinelli,ispinellifr@statcounter.com,Male,243-304-2363,false
Phillipp,Vanyushin,pvanyushinfs@mapy.cz,Male,723-835-8960,false
Whittaker,Blencoe,wblencoeft@usa.gov,Male,232-522-3052,true
Lorry,Farnsworth,lfarnsworthfu@tumblr.com,Male,455-746-9947,false
Rosamond,Vaudre,rvaudrefv@prlog.org,Female,138-868-6807,false
Craggie,De Meyer,cdemeyerfw@lulu.com,Male,300-584-1230,true
Cort,Falconer,cfalconerfx@moonfruit.com,Male,963-757-8669,false
Dael,Verriour,dverriourfy@jugem.jp,Female,845-715-5701,false
Alvina,Cradoc,acradocfz@feedburner.com,Female,898-176-5696,true
Nevil,Prowse,nprowseg0@google.pl,Male,985-522-5277,false
Lucias,Elnough,lelnoughg1@lycos.com,Male,744-414-4038,true
Alana,Treagus,atreagusg2@twitpic.com,Female,285-522-4390,true
Sholom,MacFadzean,smacfadzeang3@hao123.com,Male,360-217-2202,false
Millard,Millins,mmillinsg4@kickstarter.com,Male,321-402-9435,false
Markos,Rawes,mrawesg5@pcworld.com,Male,648-208-5760,false
Annabelle,Stenhouse,astenhouseg6@kickstarter.com,Female,439-131-0010,false
Araldo,Gealy,agealyg7@altervista.org,Male,421-334-2305,true
Arch,Tees,ateesg8@bandcamp.com,Male,898-716-9615,true
Junie,Hawley,jhawleyg9@livejournal.com,Female,412-671-8455,false
Alonzo,Kneath,akneathga@ed.gov,Male,555-959-8344,false
Cleveland,Trevarthen,ctrevarthengb@hhs.gov,Male,210-518-2753,false
Blayne,Adiscot,badiscotgc@wikia.com,Male,200-849-2422,true
Marjorie,Tyndall,mtyndallgd@com.com,Female,440-428-4062,true
Georgie,Leiden,gleidenge@dot.gov,Male,922-957-0108,true
Corabelle,Lindenman,clindenmangf@scientificamerican.com,Female,910-353-3945,true
Konstantin,Guerner,kguernergg@ft.com,Male,726-946-6457,false
Julieta,McCrea,jmccreagh@opensource.org,Female,109-939-2866,true
Benny,Le Brum,blebrumgi@i2i.jp,Female,617-675-2499,false
Alexandrina,Hancock,ahancockgj@reference.com,Female,541-465-8808,false
Rikki,Nare,rnaregk@stumbleupon.com,Female,128-102-5646,true
Cristen,Sale,csalegl@sfgate.com,Female,154-607-1296,true
Jeanine,Kynvin,jkynvingm@cmu.edu,Female,448-551-3398,false
Dorelia,Fulep,dfulepgn@joomla.org,Female,306-208-7547,true
Cate,Bampkin,cbampkingo@sohu.com,Female,641-902-6840,false
Sven,Conklin,sconklingp@google.com.hk,Male,644-321-3993,true
Archie,Sirr,asirrgq@usda.gov,Male,429-872-4518,false
Anders,Medlin,amedlingr@parallels.com,Male,336-156-5119,false
Brittan,Simionescu,bsimionescugs@wordpress.com,Female,471-509-5150,false
Rainer,Schneidau,rschneidaugt@economist.com,Male,650-114-3170,false
Brittani,Joint,bjointgu@t-online.de,Female,953-973-0375,true
Allin,McNamara,amcnamaragv@nydailynews.com,Male,850-712-0914,true
Martie,Heys,mheysgw@liveinternet.ru,Female,171-691-7979,true
Collette,Hundall,chundallgx@networkadvertising.org,Female,602-839-2381,false
Yardley,Noulton,ynoultongy@washingtonpost.com,Male,372-372-4083,true
Laurent,Beumant,lbeumantgz@uol.com.br,Male,111-914-0959,true
Hammad,Ridehalgh,hridehalghh0@usatoday.com,Male,571-247-7086,true
Dal,Ferber,dferberh1@alibaba.com,Male,546-844-8930,true
Cinda,Chittie,cchittieh2@paginegialle.it,Female,481-670-3098,false
Kerry,Tenman,ktenmanh3@angelfire.com,Male,303-975-6348,true
Lukas,Dies,ldiesh4@posterous.com,Male,912-240-4117,true
Alasdair,Castaner,acastanerh5@simplemachines.org,Male,835-169-2571,false
Gauthier,Yurenev,gyurenevh6@bandcamp.com,Male,947-409-2372,true
Alika,Winters,awintersh7@netscape.com,Female,628-641-7534,true
Yanaton,Lambirth,ylambirthh8@smugmug.com,Male,584-462-7156,true
Catlin,Hibbart,chibbarth9@privacy.gov.au,Female,592-397-0661,false
Annette,Tulk,atulkha@github.com,Female,670-834-6475,true
Jarrad,Treat,jtreathb@google.pl,Male,305-797-5455,true
Gayler,Leap,gleaphc@godaddy.com,Male,832-462-9646,false
Kippy,Fenck,kfenckhd@europa.eu,Female,167-557-7998,false
Georas,Union,gunionhe@1688.com,Male,239-898-1951,false
Mitchael,Loadwick,mloadwickhf@paypal.com,Male,655-228-5235,true
Andreana,Stitt,astitthg@opera.com,Female,456-248-2637,true
Norean,Keppel,nkeppelhh@about.com,Female,595-444-4110,true
Bryanty,Dobing,bdobinghi@eepurl.com,Male,452-222-0175,true
Darnall,Inder,dinderhj@wsj.com,Male,609-528-0102,true
Richie,Coslitt,rcoslitthk@dropbox.com,Male,501-112-7654,true
Barbabas,Pithie,bpithiehl@chron.com,Male,656-668-6471,false
Anson,O'Luby,aolubyhm@patch.com,Male,161-691-3321,false
Carmelia,Brockie,cbrockiehn@vkontakte.ru,Female,726-571-0041,true
Nappie,Grogor,ngrogorho@wsj.com,Male,502-700-5571,false
Corie,Dorkin,cdorkinhp@samsung.com,Female,794-580-4328,true
Harri,Chamberlaine,hchamberlainehq@pcworld.com,Female,676-883-3219,true
Mozelle,Work,mworkhr@usa.gov,Female,980-763-6850,true
Jami,Mordue,jmorduehs@artisteer.com,Female,619-334-6108,true
Jefferson,Faichnie,jfaichnieht@ifeng.com,Male,750-736-0379,true
Maryjane,Craiker,mcraikerhu@hhs.gov,Female,394-795-5183,false
Jobyna,Marrill,jmarrillhv@youku.com,Female,536-331-4788,false
Tonya,Boldt,tboldthw@google.cn,Female,334-867-9546,true
Wini,Pedersen,wpedersenhx@ow.ly,Female,822-105-9465,false
Gretta,Kneath,gkneathhy@istockphoto.com,Female,578-965-6832,false
Bendicty,Goch,bgochhz@t-online.de,Male,499-192-5987,false
Bren,Seabright,bseabrighti0@senate.gov,Male,412-706-0820,true
Stormie,Crowden,scrowdeni1@github.io,Female,813-339-1532,true
Candice,Greser,cgreseri2@mac.com,Female,878-538-3301,true
Crawford,Baline,cbalinei3@independent.co.uk,Male,706-811-9971,false
Grannie,Stubbe,gstubbei4@clickbank.net,Male,236-861-3597,false
Tanney,Sibery,tsiberyi5@yale.edu,Male,701-486-8536,true
Mariejeanne,Vereker,mverekeri6@smh.com.au,Female,107-582-4649,false
Ross,Manton,rmantoni7@privacy.gov.au,Male,862-254-0570,false
Ammamaria,Nisbith,anisbithi8@house.gov,Female,360-822-0584,true
Urson,Hudson,uhudsoni9@ucsd.edu,Male,971-251-4936,false
Thibaud,Eadon,teadonia@ycombinator.com,Male,455-107-4625,false
Markus,Nuemann,mnuemannib@blog.com,Male,429-980-7640,false
Antin,Tavener,ataveneric@ovh.net,Male,564-904-1654,false
Legra,Littell,llittellid@amazon.de,Female,220-533-8084,false
Kimberli,Le Frank,klefrankie@e-recht24.de,Female,486-848-8478,true
Cob,Corrin,ccorrinif@biglobe.ne.jp,Male,854-723-0218,true
Jocelin,Rambaut,jrambautig@typepad.com,Female,576-221-9240,false
Ricky,Mariolle,rmariolleih@w3.org,Female,557-386-0356,false
Joli,Kahn,jkahnii@statcounter.com,Female,753-447-4466,true
Egor,McGettrick,emcgettrickij@symantec.com,Male,532-576-4590,true
Valentijn,Curtois,vcurtoisik@huffingtonpost.com,Male,515-377-0187,false
Flossy,Blinckhorne,fblinckhorneil@cdbaby.com,Female,716-464-6555,false
Franky,Whyffen,fwhyffenim@cbslocal.com,Male,955-582-3878,false
Lonnard,Malpas,lmalpasin@slate.com,Male,115-667-2930,true
Meris,Gourdon,mgourdonio@geocities.jp,Female,891-344-6305,true
Marybeth,Juden,mjudenip@de.vu,Female,463-900-8337,true
Darius,Cranna,dcrannaiq@springer.com,Male,872-226-5631,true
Gaylor,Lintin,glintinir@salon.com,Male,500-428-2819,true
Martainn,Craydon,mcraydonis@blog.com,Male,615-639-4894,false
Sydney,Leate,sleateit@sphinn.com,Male,383-149-4077,false
Lynnet,Maffy,lmaffyiu@ebay.com,Female,782-789-9281,false
Levin,Daborn,ldaborniv@naver.com,Male,848-981-5363,true
Elinore,Bulbeck,ebulbeckiw@list-manage.com,Female,363-292-5111,false
Margo,Derdes,mderdesix@google.it,Female,414-349-7954,true
Arly,Gianasi,agianasiiy@soup.io,Female,896-511-8792,false
Maurizia,Valdes,mvaldesiz@infoseek.co.jp,Female,554-278-3081,false
Melania,Hassur,mhassurj0@wufoo.com,Female,698-742-7612,true
Virgil,Kirkwood,vkirkwoodj1@imageshack.us,Male,610-371-4120,false
Galina,Spire,gspirej2@cdc.gov,Female,388-487-2280,false
Betty,Woofenden,bwoofendenj3@tinypic.com,Female,359-495-6796,true
Lind,Marielle,lmariellej4@gov.uk,Female,908-337-9703,true
Truman,Delia,tdeliaj5@umich.edu,Male,984-724-9744,false
Peria,Cordero,pcorderoj6@macromedia.com,Female,143-105-7071,true
Brynne,Astill,bastillj7@miitbeian.gov.cn,Female,327-544-9907,true
Rainer,Borrie,rborriej8@usnews.com,Male,762-587-7798,true
Ignatius,Bushel,ibushelj9@reuters.com,Male,280-434-1231,true
Dasi,Pozer,dpozerja@comsenz.com,Female,251-593-7566,false
Merrielle,Turville,mturvillejb@skyrock.com,Female,456-272-3709,true
Elka,Cristofvao,ecristofvaojc@domainmarket.com,Female,985-814-9407,true
Rod,Marwood,rmarwoodjd@cbsnews.com,Male,155-897-9974,true
Hobey,Mitford,hmitfordje@opensource.org,Male,703-359-9108,false
Pincas,Harnor,pharnorjf@sourceforge.net,Male,983-450-4682,true
Toby,Grishakov,tgrishakovjg@home.pl,Male,998-518-7700,true
Devina,Davidavidovics,ddavidavidovicsjh@nhs.uk,Female,454-680-3882,true
Marie-jeanne,Gane,mganeji@toplist.cz,Female,458-822-1429,true
Wittie,Reinard,wreinardjj@ebay.com,Male,498-923-5460,false
Kirsten,Birk,kbirkjk@msu.edu,Female,411-886-3023,true
Skelly,Larciere,slarcierejl@rediff.com,Male,204-173-2895,false
Shae,Thomson,sthomsonjm@businessinsider.com,Female,323-584-8441,false
Amber,Priden,apridenjn@twitter.com,Female,699-784-4298,true
Otto,Grewes,ogrewesjo@webnode.com,Male,347-517-3543,true
Elayne,Gages,egagesjp@lulu.com,Female,117-527-4340,false
Krissie,Dragoe,kdragoejq@rambler.ru,Female,304-217-4745,true
Bary,Showl,bshowljr@dyndns.org,Male,670-401-9913,true
Irma,Heijne,iheijnejs@pinterest.com,Female,840-125-2504,false
Penny,Haswell,phaswelljt@sakura.ne.jp,Male,948-469-4005,true
Brook,Alwood,balwoodju@nbcnews.com,Male,365-968-6773,false
Bing,Bothie,bbothiejv@feedburner.com,Male,660-401-9485,false
Persis,Tethcote,ptethcotejw@elegantthemes.com,Female,799-559-3777,true
Laurent,Cooling,lcoolingjx@cocolog-nifty.com,Male,680-893-0344,false
Agna,Tappington,atappingtonjy@examiner.com,Female,983-173-7321,false
Fanechka,Snell,fsnelljz@ycombinator.com,Female,260-463-4940,false
Rocky,Yude,ryudek0@omniture.com,Male,911-406-5986,false
Dela,Ewbanks,dewbanksk1@blogs.com,Female,356-230-0365,true
Boothe,Cheney,bcheneyk2@gizmodo.com,Male,681-801-1905,false
Drusy,Patching,dpatchingk3@usda.gov,Female,127-347-7196,false
Brita,Lovelock,blovelockk4@drupal.org,Female,804-112-3499,false
Sophey,Wickman,swickmank5@webs.com,Female,340-752-9318,false
Shandeigh,Maly,smalyk6@theguardian.com,Female,183-482-7509,true
Sophey,Mariot,smariotk7@cdbaby.com,Female,320-567-5086,true
Osgood,Corneil,ocorneilk8@canalblog.com,Male,961-990-5873,false
Marice,Aldersea,malderseak9@google.nl,Female,299-490-5257,true
Erv,Stanbridge,estanbridgeka@slideshare.net,Male,403-376-1210,false
Leeann,Vynarde,lvynardekb@psu.edu,Female,914-807-8827,true
Giordano,Plewman,gplewmankc@rambler.ru,Male,903-534-7293,false
Christiano,Whipple,cwhipplekd@guardian.co.uk,Male,360-609-4471,true
Philippine,Kleehuhler,pkleehuhlerke@virginia.edu,Female,240-652-8449,false
Anthia,Kimbley,akimbleykf@amazon.co.uk,Female,212-628-2775,false
Morrie,Battams,mbattamskg@state.tx.us,Male,791-666-0022,true
Arley,Duchart,aduchartkh@friendfeed.com,Male,671-673-3186,false
Modesta,Michieli,mmichieliki@elegantthemes.com,Female,766-422-7243,false
Langsdon,Stonnell,lstonnellkj@jugem.jp,Male,780-469-0721,true
Hart,Merner,hmernerkk@nationalgeographic.com,Male,574-243-1820,false
Hobey,Ridge,hridgekl@hud.gov,Male,770-918-4632,false
Calida,Lob,clobkm@phoca.cz,Female,594-750-6952,true
Gualterio,Hargerie,ghargeriekn@parallels.com,Male,814-551-8533,true
Reeba,Bourne,rbourneko@jigsy.com,Female,832-564-7623,false
Aleece,McGlade,amcgladekp@ibm.com,Female,917-962-9155,true
Hillard,Blasio,hblasiokq@apple.com,Male,248-278-1993,false
Kaela,Wiffill,kwiffillkr@businessinsider.com,Female,434-188-7570,true
Inglebert,Garrattley,igarrattleyks@go.com,Male,514-406-6472,false
York,Fergyson,yfergysonkt@slate.com,Male,564-289-7925,false
Felicle,Bonham,fbonhamku@chronoengine.com,Female,816-218-2507,false
Faye,Passmore,fpassmorekv@harvard.edu,Female,968-818-2938,true
Doralynn,Schade,dschadekw@tmall.com,Female,500-947-7568,true
Martica,Abrahim,mabrahimkx@deliciousdays.com,Female,389-692-0535,false
Bord,Hunnicot,bhunnicotky@wordpress.com,Male,340-450-4586,true
Artair,Sprade,aspradekz@bigcartel.com,Male,174-688-6804,true
Bruis,Syddie,bsyddiel0@wsj.com,Male,690-220-7333,false
Kirstin,Paridge,kparidgel1@imgur.com,Female,910-246-0423,false
Harriette,Montez,hmontezl2@wp.com,Female,364-450-0165,false
Bartlet,Beagles,bbeaglesl3@amazon.de,Male,311-377-4059,true
Dawn,Colwill,dcolwilll4@rakuten.co.jp,Female,112-271-3889,true
Carey,Skullet,cskulletl5@indiatimes.com,Female,424-679-0775,true
Fianna,Dealey,fdealeyl6@macromedia.com,Female,779-992-9924,true
Rhona,Sidey,rsideyl7@google.es,Female,499-195-1178,false
Mirabel,Summerlie,msummerliel8@gizmodo.com,Female,231-398-9600,true
Charmine,Klimczak,cklimczakl9@icq.com,Female,879-220-7784,true
Ermanno,McGrill,emcgrillla@salon.com,Male,123-841-2803,true
Minda,MacElroy,mmacelroylb@jugem.jp,Female,513-325-5305,false
Karly,Swayte,kswaytelc@youku.com,Female,915-185-0346,true
Augustus,Helwig,ahelwigld@phpbb.com,Male,303-699-1682,false
Clari,MacCartan,cmaccartanle@oracle.com,Female,322-959-3246,false
Chandler,McMurraya,cmcmurrayalf@mit.edu,Male,190-392-4783,true
Glenn,Le Lievre,glelievrelg@paypal.com,Male,767-611-5662,true
Kelsy,Penright,kpenrightlh@youtu.be,Female,683-827-8001,false
Lemmie,Yepiskopov,lyepiskopovli@domainmarket.com,Male,571-899-3629,true
Brynn,Varcoe,bvarcoelj@bloomberg.com,Female,804-219-5290,true
Elsinore,Andreacci,eandreaccilk@addthis.com,Female,688-993-3944,true
Valdemar,Glazier,vglazierll@samsung.com,Male,752-610-5744,true
Nobe,Abrashkin,nabrashkinlm@msn.com,Male,893-810-0966,true
Alistair,Boundy,aboundyln@un.org,Male,283-499-0871,true
Nerti,Wandrack,nwandracklo@yahoo.co.jp,Female,536-483-4592,true
Cortney,Echalie,cechalielp@1und1.de,Female,381-280-9784,true
Yul,Jime,yjimelq@howstuffworks.com,Male,951-795-3922,false
Reiko,Trebbett,rtrebbettlr@usatoday.com,Female,163-589-2883,true
Britte,Westcot,bwestcotls@unicef.org,Female,847-562-0419,false
Almeta,Caselli,acasellilt@wunderground.com,Female,674-227-7197,false
Phip,Dictus,pdictuslu@examiner.com,Male,479-111-5012,false
Nikki,Hatchman,nhatchmanlv@usgs.gov,Female,517-651-9912,false
Jackie,Draycott,jdraycottlw@sakura.ne.jp,Female,870-960-9039,false
Jess,Cristofolo,jcristofololx@jimdo.com,Male,663-587-6483,false
Sherman,Astbury,sastburyly@webnode.com,Male,422-168-6544,true
Marillin,Rafferty,mraffertylz@msn.com,Female,725-328-2953,true
Myrtie,Pettican,mpetticanm0@addtoany.com,Female,952-432-9148,true
Gratia,Vedekhin,gvedekhinm1@ca.gov,Female,412-163-3436,true
Carena,Condict,ccondictm2@apache.org,Female,591-655-0589,false
Bartolemo,Bricksey,bbrickseym3@godaddy.com,Male,280-144-3402,true
Sara,Broomhead,sbroomheadm4@nba.com,Female,302-757-6358,true
Gerek,Biddle,gbiddlem5@altervista.org,Male,787-751-3185,true
Bowie,Brigden,bbrigdenm6@spotify.com,Male,633-792-5081,false
Gabriella,Whatmough,gwhatmoughm7@google.fr,Female,724-646-0094,true
Hillier,Kubista,hkubistam8@addtoany.com,Male,524-576-4756,true
King,Busch,kbuschm9@yahoo.co.jp,Male,790-498-7373,false
Gratia,Gerrets,ggerretsma@springer.com,Female,739-927-1576,true
Galina,Discombe,gdiscombemb@jigsy.com,Female,169-787-8534,true
Pooh,Foulstone,pfoulstonemc@cnet.com,Male,168-583-3579,false
Erie,Bonham,ebonhammd@state.gov,Male,496-115-9373,false
Alvinia,Dabney,adabneyme@friendfeed.com,Female,514-566-0841,false
Corrina,Nestor,cnestormf@arizona.edu,Female,268-462-3008,false
Ula,Tattershaw,utattershawmg@youku.com,Female,405-823-8086,false
Brit,Gilchriest,bgilchriestmh@flickr.com,Male,213-335-9576,false
Ebenezer,Rough,eroughmi@intel.com,Male,378-309-6801,false
Clarey,Riceards,criceardsmj@xinhuanet.com,Female,189-719-2438,false
Xymenes,Portman,xportmanmk@answers.com,Male,257-607-5021,false
Dillie,Adshad,dadshadml@icq.com,Male,318-569-4178,false
Gonzalo,Boughen,gboughenmm@macromedia.com,Male,330-997-5950,true
Corny,Decreuze,cdecreuzemn@simplemachines.org,Male,874-499-5205,true
Maggi,Felgate,mfelgatemo@symantec.com,Female,506-427-7301,false
Vail,Dybald,vdybaldmp@cocolog-nifty.com,Male,417-935-5477,true
Allister,Persse,aperssemq@google.fr,Male,207-361-8991,true
Willie,Swallwell,wswallwellmr@imageshack.us,Male,379-838-1308,false
Avie,Becket,abecketms@youtube.com,Female,259-376-6694,true
Georgena,Bolley,gbolleymt@google.co.uk,Female,323-983-1173,false
Emmey,McGilvray,emcgilvraymu@ft.com,Female,986-790-4368,false
Kate,Tremble,ktremblemv@archive.org,Female,768-931-4437,false
Robena,Salasar,rsalasarmw@printfriendly.com,Female,628-983-0955,false
Amber,Shapcote,ashapcotemx@springer.com,Female,747-150-7994,true
Mead,Gosling,mgoslingmy@loc.gov,Male,348-752-0760,true
Emelita,Matusov,ematusovmz@youtu.be,Female,936-134-6690,true
Donn,Symington,dsymingtonn0@usa.gov,Male,670-550-1519,true
Jamal,Dymick,jdymickn1@yahoo.co.jp,Male,467-476-1201,true
Neda,Roalfe,nroalfen2@reference.com,Female,711-451-4132,true
Herbie,Midlane,hmidlanen3@nationalgeographic.com,Male,636-751-0623,true
Hatti,Tropman,htropmann4@columbia.edu,Female,860-223-6679,true
Elston,Nekrews,enekrewsn5@xrea.com,Male,617-933-1588,false
Delainey,Fyfield,dfyfieldn6@ovh.net,Male,943-703-0940,false
Stevana,Birkinshaw,sbirkinshawn7@taobao.com,Female,254-313-5099,true
Udall,Prott,uprottn8@creativecommons.org,Male,672-394-8214,true
Gal,McPhaden,gmcphadenn9@quantcast.com,Male,273-370-6699,false
Christin,Mugridge,cmugridgena@furl.net,Female,204-417-3922,true
Meir,Ricks,mricksnb@princeton.edu,Male,741-998-8201,false
Sergent,Eacle,seaclenc@microsoft.com,Male,782-658-5328,true
Tucky,Arnaut,tarnautnd@craigslist.org,Male,934-110-1086,false
Noll,Petrushkevich,npetrushkevichne@icq.com,Male,713-155-3170,false
Regina,Sunley,rsunleynf@cocolog-nifty.com,Female,715-747-7027,true
Geoffrey,Freear,gfreearng@over-blog.com,Male,909-182-1315,true
Karl,Lorey,kloreynh@usnews.com,Male,177-103-6063,true
Olympie,Teasdale-Markie,oteasdalemarkieni@google.it,Female,645-230-7995,true
Octavius,Folling,ofollingnj@reference.com,Male,653-640-8042,false
Ikey,Petrello,ipetrellonk@cornell.edu,Male,260-127-3964,true
Hazel,Girodier,hgirodiernl@epa.gov,Female,713-234-1167,false
Seamus,Schober,sschobernm@blogtalkradio.com,Male,414-169-9383,false
Chalmers,Janoschek,cjanoscheknn@amazon.co.uk,Male,880-754-2752,false
Petey,Havock,phavockno@hatena.ne.jp,Male,400-503-0648,true
Chery,Leet,cleetnp@nsw.gov.au,Female,417-960-8450,true
Winfield,Aers,waersnq@cdbaby.com,Male,657-447-0335,true
Harley,Eby,hebynr@webnode.com,Female,617-259-1942,false
Siusan,Ranfield,sranfieldns@ebay.co.uk,Female,719-567-2419,false
Raven,Spurriar,rspurriarnt@desdev.cn,Female,248-851-1827,true
Polly,Gianullo,pgianullonu@house.gov,Female,395-205-1880,true
Giuseppe,Benardette,gbenardettenv@smugmug.com,Male,840-959-3059,true
Thorn,Frossell,tfrossellnw@cnn.com,Male,760-193-7808,false
Pascal,Sprankling,pspranklingnx@ucoz.com,Male,532-630-2999,true
Armando,de Aguirre,adeaguirreny@i2i.jp,Male,821-684-3561,true
Leland,Alpin,lalpinnz@dailymotion.com,Male,390-874-6613,false
Tami,Liversley,tliversleyo0@slideshare.net,Female,441-331-6665,true
Rubin,Webberley,rwebberleyo1@archive.org,Male,377-679-8517,false
Cesar,Santos,csantoso2@posterous.com,Male,957-511-9232,false
Filberto,Gilleon,fgilleono3@spiegel.de,Male,334-279-3688,true
Roy,Reisk,rreisko4@usgs.gov,Male,310-876-1850,true
Saba,Cullabine,scullabineo5@adobe.com,Female,652-172-2739,true
Ramsay,Sleford,rslefordo6@nbcnews.com,Male,520-868-1537,true
Carmella,Wythill,cwythillo7@yellowpages.com,Female,538-618-4709,true
Darrin,Winspare,dwinspareo8@theglobeandmail.com,Male,323-270-5997,false
Dyna,Rubinowitz,drubinowitzo9@ebay.com,Female,354-103-1579,false
Susanetta,Kenset,skensetoa@etsy.com,Female,578-657-1803,false
Miguelita,Terrans,mterransob@prweb.com,Female,460-199-8583,true
Banky,Seifenmacher,bseifenmacheroc@seattletimes.com,Male,178-584-0760,false
Myca,Codling,mcodlingod@newsvine.com,Male,638-502-7535,false
Fran,Chaucer,fchauceroe@fc2.com,Male,525-600-4927,false
Albina,Stronghill,astronghillof@ucsd.edu,Female,159-851-6498,true
Dagmar,Battisson,dbattissonog@bloglovin.com,Female,605-129-7080,false
Thebault,Kohrsen,tkohrsenoh@odnoklassniki.ru,Male,532-144-4779,false
Byrle,Ciric,bciricoi@baidu.com,Male,379-727-4056,true
Artemas,Guerreau,aguerreauoj@gnu.org,Male,230-145-9119,true
Ennis,Allenson,eallensonok@disqus.com,Male,807-244-0559,false
Giffie,Nisen,gnisenol@goo.gl,Male,273-244-8723,false
Farlay,Warrack,fwarrackom@lycos.com,Male,639-208-2473,true
Yardley,Whardley,ywhardleyon@usnews.com,Male,853-248-4547,true
Sharl,Halkyard,shalkyardoo@usda.gov,Female,839-318-9419,true
Edee,Marnes,emarnesop@blog.com,Female,336-783-7559,false
Kailey,Rudolfer,krudolferoq@merriam-webster.com,Female,668-649-9025,true
Bennett,Jefferson,bjeffersonor@usnews.com,Male,158-192-4208,true
Gaelan,McWilliam,gmcwilliamos@disqus.com,Male,137-406-5529,true
Laraine,Wordley,lwordleyot@economist.com,Female,585-138-8781,true
Reid,Dunkley,rdunkleyou@sohu.com,Male,901-833-7994,true
Hendrika,Grennan,hgrennanov@ocn.ne.jp,Female,690-325-1159,true
Maressa,Samsworth,msamsworthow@china.com.cn,Female,654-154-5481,true
Mira,Doppler,mdopplerox@instagram.com,Female,575-542-8422,false
Benedetta,Trenbey,btrenbeyoy@businessinsider.com,Female,167-762-5647,true
Carr,Lansdale,clansdaleoz@reuters.com,Male,102-138-1776,false
Kennith,Bees,kbeesp0@fema.gov,Male,607-278-4256,true
Vinny,Oldroyde,voldroydep1@jimdo.com,Female,600-840-1257,true
Jonathan,McQuillan,jmcquillanp2@alexa.com,Male,409-810-9709,false
Alexandra,Sanchez,asanchezp3@japanpost.jp,Female,538-611-0049,true
Si,MacAlester,smacalesterp4@wunderground.com,Male,607-844-4228,false
Devlin,Trimmill,dtrimmillp5@tumblr.com,Male,384-869-5457,false
Bibby,Brecknall,bbrecknallp6@nyu.edu,Female,777-124-2724,true
Derrick,Audas,daudasp7@pen.io,Male,782-800-1929,true
Consolata,Turpey,cturpeyp8@opensource.org,Female,245-953-5183,false
Persis,Vinden,pvindenp9@webnode.com,Female,739-398-2355,true
Matteo,Chrishop,mchrishoppa@narod.ru,Male,812-727-8663,false
Niccolo,Jaqueminet,njaqueminetpb@youtube.com,Male,816-227-4297,true
Gabriel,Stormont,gstormontpc@cbc.ca,Male,403-444-3287,true
Franklyn,Donne,fdonnepd@ft.com,Male,356-394-1003,false
Dudley,Stairs,dstairspe@un.org,Male,751-467-0507,true
Charlena,Pendrich,cpendrichpf@rediff.com,Female,672-519-0994,false
Lyell,Duny,ldunypg@issuu.com,Male,910-518-8871,true
Duff,Ventam,dventamph@cloudflare.com,Male,722-507-2289,false
Lissie,Mogie,lmogiepi@prnewswire.com,Female,482-278-9585,false
Corrie,Meir,cmeirpj@seattletimes.com,Male,655-185-8634,false
Pauline,Shirtliff,pshirtliffpk@loc.gov,Female,650-603-8936,true
Fayette,Tantum,ftantumpl@auda.org.au,Female,361-151-0362,true
Shalne,Scrancher,sscrancherpm@comsenz.com,Female,446-507-4781,false
Avivah,Stampfer,astampferpn@blog.com,Female,326-420-7412,false
Prudence,Burnyeat,pburnyeatpo@studiopress.com,Female,388-588-3625,false
Aurelea,Early,aearlypp@mysql.com,Female,380-660-7691,true
Mose,Hansen,mhansenpq@forbes.com,Male,946-908-2955,false
Darb,Cicculini,dcicculinipr@elpais.com,Male,904-641-3793,true
Kenny,McClymond,kmcclymondps@networkadvertising.org,Male,919-254-9605,true
Logan,Izhak,lizhakpt@xrea.com,Male,269-279-1495,false
Rochette,Aisman,raismanpu@vinaora.com,Female,973-110-0686,true
Ebonee,Winchurch,ewinchurchpv@techcrunch.com,Female,583-662-4014,true
Robinet,Kenchington,rkenchingtonpw@4shared.com,Male,341-880-2924,false
Glory,Hallas,ghallaspx@google.it,Female,979-784-1419,true
Maximo,Rigmand,mrigmandpy@tamu.edu,Male,659-358-4710,false
Daren,Millican,dmillicanpz@sfgate.com,Male,939-552-8491,true
Hart,Janikowski,hjanikowskiq0@topsy.com,Male,398-444-4413,true
Romeo,Tindle,rtindleq1@army.mil,Male,207-665-9764,false
Glennis,Trowler,gtrowlerq2@unicef.org,Female,714-791-5540,false
Lindie,Stratten,lstrattenq3@comsenz.com,Female,986-377-6676,true
Eleni,Bosket,ebosketq4@ox.ac.uk,Female,646-107-6595,true
Ramsey,Figgess,rfiggessq5@so-net.ne.jp,Male,734-790-6648,false
Lucias,Legat,llegatq6@soundcloud.com,Male,688-149-8254,true
Jarred,Bonnaire,jbonnaireq7@surveymonkey.com,Male,355-361-6457,true
Chev,Bassingden,cbassingdenq8@patch.com,Male,690-811-8155,true
Lauryn,Hooke,lhookeq9@spiegel.de,Female,391-579-2266,false
Towney,Ciric,tciricqa@cornell.edu,Male,818-487-9451,true
Brigitte,Waldren,bwaldrenqb@mit.edu,Female,338-849-1956,true
Tanney,Treversh,ttrevershqc@si.edu,Male,252-279-2747,false
Glenden,Peddersen,gpeddersenqd@paginegialle.it,Male,445-571-4078,false
Cyrill,Biggerdike,cbiggerdikeqe@yandex.ru,Male,719-876-6890,true
Talyah,Geeritz,tgeeritzqf@multiply.com,Female,592-694-5046,false
Peyton,Nixon,pnixonqg@wix.com,Male,609-464-5675,true
Sinclare,Killgus,skillgusqh@home.pl,Male,100-513-5030,false
Alden,Johnsey,ajohnseyqi@trellian.com,Male,545-239-7202,true
Allene,Glassman,aglassmanqj@xinhuanet.com,Female,389-678-6476,false
Kennett,Scimoni,kscimoniqk@uol.com.br,Male,915-489-4996,true
Rodger,Novelli,rnovelliql@vkontakte.ru,Male,227-685-9524,true
Susi,Rickarsey,srickarseyqm@usa.gov,Female,533-222-1622,true
Raimundo,Philcox,rphilcoxqn@nationalgeographic.com,Male,612-546-3541,false
Kelci,Fone,kfoneqo@npr.org,Female,140-593-4922,true
Augustin,Shakle,ashakleqp@springer.com,Male,346-150-8684,false
Alexis,Sperling,asperlingqq@mozilla.org,Male,203-686-1734,true
Fraser,Epp,feppqr@yolasite.com,Male,281-608-8306,false
Elvira,Dearle,edearleqs@oakley.com,Female,994-492-6818,false
Erena,Fawlo,efawloqt@bing.com,Female,865-598-1006,false
Lanette,Caldroni,lcaldroniqu@weebly.com,Female,196-707-5250,false
Cirstoforo,Fader,cfaderqv@google.es,Male,324-970-7744,false
Ingrid,Luney,iluneyqw@themeforest.net,Female,445-948-5615,true
Garrik,Brussels,gbrusselsqx@example.com,Male,987-447-7964,true
Kasper,Garry,kgarryqy@forbes.com,Male,121-776-8614,true
Flemming,Archbald,farchbaldqz@cdc.gov,Male,575-259-5754,true
Junia,De Carlo,jdecarlor0@ft.com,Female,447-317-6804,true
Blinnie,Caban,bcabanr1@photobucket.com,Female,628-115-5678,false
Del,Boutcher,dboutcherr2@ow.ly,Male,317-617-5981,false
Raynor,Aldwick,raldwickr3@github.com,Male,940-917-0232,true
Nomi,Shurville,nshurviller4@naver.com,Female,393-229-1884,true
Minna,Dawdry,mdawdryr5@jugem.jp,Female,285-923-7932,false
Roz,Burrett,rburrettr6@godaddy.com,Female,520-815-9474,false
Chandal,Seiler,cseilerr7@privacy.gov.au,Female,909-345-0764,false
Stewart,Pherps,spherpsr8@gnu.org,Male,207-217-5510,true
Gavin,Atkyns,gatkynsr9@51.la,Male,437-909-5764,true
Olympia,Philippon,ophilipponra@wp.com,Female,862-893-2362,true
Lonnard,Zack,lzackrb@microsoft.com,Male,981-165-3012,false
Killy,Retallack,kretallackrc@yellowbook.com,Male,853-246-4414,false
Madella,Gear,mgearrd@posterous.com,Female,450-720-3156,true
Gabe,Inchley,ginchleyre@cbc.ca,Male,561-732-9340,true
Barnard,Crellim,bcrellimrf@twitter.com,Male,445-843-7261,false
Kevon,Willson,kwillsonrg@ovh.net,Male,269-462-9397,true
Sharona,Letcher,sletcherrh@cnbc.com,Female,657-823-1894,true
Bastien,Barkus,bbarkusri@reddit.com,Male,213-174-5123,false
Layne,Beneteau,lbeneteaurj@blog.com,Female,234-787-4858,false
Cybil,Swainston,cswainstonrk@purevolume.com,Female,254-549-4202,false
Chryste,Oakland,coaklandrl@wired.com,Female,324-544-8580,false
Brynn,Starten,bstartenrm@hubpages.com,Female,732-792-2013,false
Trevor,Hamlyn,thamlynrn@hexun.com,Male,501-997-9129,false
Morlee,Lappin,mlappinro@princeton.edu,Male,206-296-8562,false
Doy,Gillmore,dgillmorerp@usnews.com,Male,950-832-1071,false
Anet,Tilne,atilnerq@bloglovin.com,Female,556-891-1055,true
Gaylord,Cocozza,gcocozzarr@cbslocal.com,Male,862-162-4225,true
